spacetospace.in|25|beast3x@spacetospace.in|34ks/(hdsfla(0ksa
recalculatingllc.com|25|beast3x@recalculatingllc.com|34ks/(hdsfla(0ksa
veilmatch.com|25|admin@veilmatch.com|spy2019
qesehmk.org|25|admin@qesehmk.org|spy2019
baliraja.org|25|admin@baliraja.org|spy2019
saigonhomeparty.com|25|beast3x@saigonhomeparty.com|roottn
jaanhome.com|25|beast3x@jaanhome.com|roottn
duongca.com|25|beast3x@duongca.com|roottn
nuelmarkfoundation.com|25|info@nuelmarkfoundation.com|roottn
myebusinessguide.com|25|okoro@myebusinessguide.com|roottn
anyainyimakalu.com|25|info@anyainyimakalu.com|roottn
ticoinvest.com|25|alfonso@ticoinvest.com|Sankess*+.
173.254.28.207|587|accounts@aamra.com.my|FE2D00wine
aamra.com.my|587|riznan@aamra.com.my|FE2D00wine
incontrols.com|587|sflores@incontrols.com|FE2D00wine
173.254.28.201|587|cs@data.incontrols.com|FE2D00wine
hubrium.com|587|omer@hubrium.com|FE2D00wine
can-pam.com|587|ishai@can-pam.com|FE2D00wine
peterspropertiesteam.com|587|support@peterspropertiesteam.com|FE2D00wine
mimsautobrokers.com|587|petepeters@mimsautobrokers.com|FE2D00wine
boulevardvegan.com|587|orders@boulevardvegan.com|FE2D00wine
elerkey.co.uk|587|anne@elerkey.co.uk|FE2D00wine
boltonworld.com|587|mail@boltonworld.com|FE2D00wine
averilbainbridgephysio.com|587|info@averilbainbridgephysio.com|FE2D00wine
newapsl.com|587|russ@newapsl.com|FE2D00wine
mrhplus.com|587|newapsl@mrhplus.com|FE2D00wine
shuttletoday.net|587|mikecook@shuttletoday.net|FE2D00wine
192.185.226.203|587|zach@cjwadetrailers.com|FE2D00wine
printersblankets.com|25|beast3x@printersblankets.com|34ks/(hdsfla(0ksa
elegantfabricspk.com|25|azharimran@elegantfabricspk.com|Sankess*+.
buynyx.com|25|muneeb@buynyx.com|Sankess*+.
fasdesignstudio.com|25|ceo@fasdesignstudio.com|Sankess*+.
fashiongetup.com|25|about@fashiongetup.com|Sankess*+.
parkinsonpartners.com|25|info@parkinsonpartners.com|Sankess*+.
ibncina.com|25|beast3x@ibncina.com|34ks/(hdsfla(0ksa
trivomax.com.br|587|suporte@trivomax.com.br|00ff00vodka
goldcapsullas.com.br|587|comercial@goldcapsullas.com.br|00ff00vodka
pizzariacarlluccio.com.br|587|webmaster@pizzariacarlluccio.com.br|00ff00vodka
108.179.252.148|587|contato@okaymagazine.com.br|00ff00vodka
okaymagazine.com.br|587|ricardo@okaymagazine.com.br|00ff00vodka
odontoortoplan.com.br|587|contato@odontoortoplan.com.br|00ff00vodka
maxitelcom.com.br|587|mamede@maxitelcom.com.br|00ff00vodka
madavi.com.br|587|fabricio@madavi.com.br|00ff00vodka
casadasmudas.com.br|587|contato@casadasmudas.com.br|00ff00vodka
baruchburger.com.br|587|contato@baruchburger.com.br|00ff00vodka
treeweb.com.br|587|contato@treeweb.com.br|00ff00vodka
comidaanimal.com.br|587|contato@comidaanimal.com.br|00ff00vodka
benditochef.com.br|587|contato@benditochef.com.br|00ff00vodka
direitosisencoes.com.br|587|admin@direitosisencoes.com.br|00ff00vodka
108.167.132.239|587|kilanche@baudovelho.com.br|00ff00vodka
baudovelho.com.br|587|contato@baudovelho.com.br|00ff00vodka
ginoterentim.com|587|admin@ginoterentim.com|00ff00vodka
artesanatosmoura.com|587|contato@artesanatosmoura.com|00ff00vodka
melhoresdovale.com|587|contato@melhoresdovale.com|00ff00vodka
108.167.132.204|587|contato@flirtone.melhoresdovale.com|00ff00vodka
ciadorelacionamento.com.br|587|teste@ciadorelacionamento.com.br|00ff00vodka
dtpicks.com|25|product@dtpicks.com|roottn
newskincaretrials.com|25|testecsm5a@newskincaretrials.com|roottn
instinctivebirthing.com|25|melita@instinctivebirthing.com|roottn
divinelovemessenger.com|25|melita@divinelovemessenger.com|roottn
toptestosteroneboosters.com|25|tim@toptestosteroneboosters.com|roottn
johairba.com|25|info@johairba.com|roottn
dudeskins.com.br|25|eduardoluiz@dudeskins.com.br|Sankess*+.
movimentotalks.com.br|25|contato@movimentotalks.com.br|Sankess*+.
contasocial.net.br|25|dp@contasocial.net.br|Sankess*+.
faconstructiongroup.com|25|beast3x@faconstructiongroup.com|roottn
chrisprefontaine.com|25|chrispre@chrisprefontaine.com|roottn
succesdigital.net|25|contact@succesdigital.net|roottn
what-is-in-is-out.com|25|james@what-is-in-is-out.com|roottn
gtecheducation.net|25|info@gtecheducation.net|roottn
biesenfeld.org|25|maria@biesenfeld.org|roottn
walkingshoesonline.net|25|admin@walkingshoesonline.net|roottn
rictusdev.com|25|esonojavi@rictusdev.com|roottn
droneselfie.net|25|admin@droneselfie.net|roottn
helpourschool.co.uk|25|chris@helpourschool.co.uk|roottn
what-is-out-is-in.com|25|james@what-is-out-is-in.com|roottn
greenassetprotection.com|25|info@greenassetprotection.com|roottn
achoward.com|25|author@achoward.com|roottn
50.87.146.185|587|nelsondenoon@breakawaycook.com|00ff00vodka
breakawaycook.com|587|delia@breakawaycook.com|00ff00vodka
escoladecursoslivres.com|587|fabriciozerves@escoladecursoslivres.com|00ff00vodka
anisiaticos.com.br|587|redacao@anisiaticos.com.br|00ff00vodka
dhptube.com|587|wally@dhptube.com|00ff00vodka
dainci.com|587|iq@dainci.com|00ff00vodka
192.185.128.36|587|employment@vikinglogistic.com|00ff00vodka
vikinglogistic.com|587|info@vikinglogistic.com|00ff00vodka
tripcito.com|587|tripcito@tripcito.com|00ff00vodka
icmcweb.com|587|support@icmcweb.com|00ff00vodka
mudvark.com|587|rhys@mudvark.com|00ff00vodka
yonik.com|587|yonik@yonik.com|00ff00vodka
192.185.199.117|587|william.kavivya@tecflax.co.ke|00ff00vodka
capacitacionicei.com|25|curso@capacitacionicei.com|roottn
jkjanitorial.com|25|admin@jkjanitorial.com|roottn
medholidays.gr|587|booking@medholidays.gr|00ff00vodka
192.254.249.213|587|info@bienreal.mx|00ff00vodka
bisset.at|587|adam@bisset.at|00ff00vodka
enroutevers.com|587|real@enroutevers.com|00ff00vodka
myfirstcare.org|25|chudsi@myfirstcare.org|roottn
old.t3marketing.net|25|beast3x@old.t3marketing.net|roottn
historicsilvertonlodge.com|25|beast3x@historicsilvertonlodge.com|roottn
alyssadeasis.com|25|beast3x@alyssadeasis.com|roottn
he.vip-srv.com|25|beast3x@he.vip-srv.com|roottn
bestaffordablejuicer2018.com|25|admin@bestaffordablejuicer2018.com|roottn
sisypheansociety.org|25|beast3x@sisypheansociety.org|roottn
porterfats.com|25|beast3x@porterfats.com|34ks/(hdsfla(0ksa
mariaonprayer.com|587|maria@mariaonprayer.com|00ff00vodka
thehockeygoal.com|587|admin@thehockeygoal.com|00ff00vodka
spencerrobeson.com|587|anne@spencerrobeson.com|00ff00vodka
fletescompara.com|587|pavel@fletescompara.com|00ff00vodka
chifayuehaoperu.com|25|beast3x@chifayuehaoperu.com|34ks/(hdsfla(0ksa
zaprosac.com|25|beast3x@zaprosac.com|34ks/(hdsfla(0ksa
wibgus.com|25|beast3x@wibgus.com|34ks/(hdsfla(0ksa
doncata.cl|587|contacto@doncata.cl|00ff00vodka
192.185.77.205|587|serhat@palnetweb.com|00ff00vodka
underpinning-melbourne.com.au|25|beast3x@underpinning-melbourne.com.au|34ks/(hdsfla(0ksa
192.185.14.198|587|trainer@wordpresstraining.space|00ff00vodka
wordpresstraining.space|587|postemail@wordpresstraining.space|00ff00vodka
192.185.155.235|587|dan.sullivan@managedcomputersolutions.com|00ff00vodka
managedcomputersolutions.com|587|griffin.cagney@managedcomputersolutions.com|00ff00vodka
108.179.253.184|587|fernando@fabriksite.com.br|00ff00vodka
laptopexporter.com|587|contact@laptopexporter.com|00ff00vodka
intellisoftug.com|587|info@intellisoftug.com|00ff00vodka
198.38.77.142|587|remover@altacomunicacion.cl|00ff00vodka
altacomunicacion.cl|587|cristian@altacomunicacion.cl|00ff00vodka
pegami.net|587|info@pegami.net|00ff00vodka
abelyachts.com|587|don@abelyachts.com|00ff00vodka
weymc.com|587|info@weymc.com|00ff00vodka
lowestoftcommunitychurch.co.uk|587|postmaster@lowestoftcommunitychurch.co.uk|00ff00vodka
173.254.28.64|587|mparish@lcc-lowestoft.co.uk|00ff00vodka
blackhatbrewworks.com|587|info@blackhatbrewworks.com|00ff00vodka
bestonemed.com|587|admin@bestonemed.com|00ff00vodka
eefssinc.org|587|info@eefssinc.org|00ff00vodka
coffeeteamugs.com|587|admin@coffeeteamugs.com|00ff00vodka
143.95.107.246|25|test@surfingto.com|1qazxsw2
132.148.44.108|25|info@uaacert.com|root1234
132.148.147.114|25|info@go2newex.com|admin@123
almazah.co.com|587|almazahco@almazah.co.com|xblackeg@123
alnazaa.com|587|alnazaa@alnazaa.com|xblackeg@123
leaspices.com|587|leaspices@leaspices.com|xblackeg@123
motionwebdesigning.com|587|mwebdesigning@motionwebdesigning.com|xblackeg@123
mpsntc.com|587|mpsntc@mpsntc.com|xblackeg@123
nblinternational.com|587|nblinternational@nblinternational.com|xblackeg@123
omaimabh.com|587|omaimabh@omaimabh.com|xblackeg@123
pranichealing-tcr.com|587|pranichealingtcr@pranichealing-tcr.com|xblackeg@123
travellergaze.com|587|travellergaze@travellergaze.com|xblackeg@123
rich.lk|587|richlk1@rich.lk|xblackeg@123
richworld.lk|587|richlk2@richworld.lk|xblackeg@123
greenearth.lk|587|greene@greenearth.lk|xblackeg@123
beastmodethrowers.com|587|bmthrowers@beastmodethrowers.com|xbetoeg@123
beastmodeuniversity.com|587|gobeast@beastmodeuniversity.com|xbetoeg@123
50centbase.com|25|test@50centbase.com|1qazxsw2
98.190.252.56|25|antonio|antonio
173.254.98.204|25|info@liracnf.com|info123
laboratorioyolandalastra.com|25|admin@laboratorioyolandalastra.com|12345
pplppansophia.com|25|admin@pplppansophia.com|admin@123
marinamassagesnyc.com|25|contact@marinamassagesnyc.com|1234567
nxscr.com|25|test@nxscr.com|test123
marconyforeverett.com|25|info@marconyforeverett.com|p@ssword
childopportunity.org|25|info@childopportunity.org|password
saintcloche.com|25|webmaster@saintcloche.com|saintcloche
althealthoc.com|25|info@althealthoc.com|info123!
emercees.com|25|admin@emercees.com|admin123
roarfilmes.com.br|25|admin@roarfilmes.com.br|admin
decoracionenpintura.com|25|info@decoracionenpintura.com|987654321
fundeicolombia.com|25|test@fundeicolombia.com|test123
kattopaz.com|25|info@kattopaz.com|123456
disabilityhouston.com|25|webmaster@disabilityhouston.com|P@ssw0rd
beeruinfotech.com|25|test@beeruinfotech.com|Admin@123
elemsa.com|25|test@elemsa.com|Passw0rd
cbwilsonconstruction.com|25|admin@cbwilsonconstruction.com|cbwilsonconstruction
quotes4schools.com|25|support@quotes4schools.com|support123!
pixxells.com|25|test@pixxells.com|admin@123
thesportsexperience.ca|25|info@thesportsexperience.ca|info123!
medicalaestheticsltd.com|25|contact@medicalaestheticsltd.com|contact123
icareco.com|25|test@icareco.com|123456
genuineproperties.com|25|info@genuineproperties.com|123456
dollysbarkingbubbles.com|25|info@dollysbarkingbubbles.com|P@ssw0rd
moosepix.com|25|test@moosepix.com|moosepix
omecalli.com|25|webmaster@omecalli.com|omecalli1!
neurofeedbackofml.com|25|info@neurofeedbackofml.com|Password1!
everreadymeals.com|25|info@everreadymeals.com|P@55w0rd
learnnlead.com|25|test@learnnlead.com|123456789
enselma.com|25|test@enselma.com|12345678
exluk.com|25|admin@exluk.com|admin123!
salesbi.com|587|info@salesbi.com|1234
eddhukuk.com|587|info@eddhukuk.com|info123!
creditreportmedic.com|587|blake@creditreportmedic.com|00ff00vodka
blakelitton.com|587|blake@blakelitton.com|00ff00vodka
vasistainfotech.com|25|srilakshmi.r@vasistainfotech.com|Sankess*+.
southeasternhikingclub.com|25|jenna@southeasternhikingclub.com|Sankess*+.
65.99.252.10|587|profesor@diegoulises.com|00ff00vodka
diegoulises.com|587|hola@diegoulises.com|00ff00vodka
vidrioschapultepec.com.mx|587|ventas@vidrioschapultepec.com.mx|00ff00vodka
procesosmexico.com|587|direccion@procesosmexico.com|00ff00vodka
6degreesadvertising.com|587|sample@6degreesadvertising.com|00ff00vodka
diaryentriesofapsychic.com|587|notes@diaryentriesofapsychic.com|00ff00vodka
192.185.114.103|587|test@supplynowdent.com|00ff00vodka
harnessbred.com|587|dean@harnessbred.com|00ff00vodka
162.241.203.11|587|financeiro@waaybusiness.com|00ff00vodka
waaybusiness.com|587|contato@waaybusiness.com|00ff00vodka
gurunanakgroup.co.in|25|store@gurunanakgroup.co.in|Sankess*+.
luss.com|25|financeiro1@luss.com|Sankess*+.
farmaciavegana.com.br|25|contato@farmaciavegana.com.br|Sankess*+.
dnadolar.com.br|25|contato@dnadolar.com.br|Sankess*+.
newfrontiersinvestment.com|25|operations@newfrontiersinvestment.com|Sankess*+.
innext.co|25|santiago@innext.co|Sankess*+.
everdeenstrategy.com|25|operations@everdeenstrategy.com|Sankess*+.
empireprogress.com|25|operations@empireprogress.com|Sankess*+.
ecomcenter.net|25|upsinn@ecomcenter.net|Sankess*+.
mikefairchild.org|25|mail@mikefairchild.org|Sankess*+.
salarioperfeito.com.br|25|equipe@salarioperfeito.com.br|Sankess*+.
finlaysphotopitt.co.uk|25|admin@finlaysphotopitt.co.uk|Sankess*+.
chalkredesign.com|25|tonia@chalkredesign.com|Sankess*+.
bubbascarolinajerky.com|587|angela@bubbascarolinajerky.com|00ff00vodka
kelseydesigns.com|25|info@kelseydesigns.com|Sankess*+.
ndayc.com|25|infovrcoa@ndayc.com|Sankess*+.
customersbytomorrow.com|25|info@customersbytomorrow.com|Sankess*+.
rogue-eyewear.com|25|info@rogue-eyewear.com|Sankess*+.
tungstenmedia.net|25|hr@tungstenmedia.net|Sankess*+.
mohamedelor.com|25|dr@mohamedelor.com|Sankess*+.
bodyorganics.com|25|chudsi@bodyorganics.com|34ks/(hdsfla(0ksa
electricblanketsonsale.org|587|peter@electricblanketsonsale.org|cressida84
kratomactive.ca|25|admin@kratomactive.ca|roottn
192.185.224.34|587|adverts@iykenwambie.com|00ff00vodka
ghanasomtin.com|587|hello@ghanasomtin.com|00ff00vodka
thewineout.com|25|info@thewineout.com|Sankess*+.
morrisgrant.com|25|info@morrisgrant.com|Sankess*+.
ninkotech.com|587|support@ninkotech.com|00ff00vodka
myecompro.com|25|info@myecompro.com|Sankess*+.
thefoodiemag.com|25|foodies@thefoodiemag.com|spy2019
biolife.ma|587|contact@biolife.ma|00ff00vodka
alkarama-residence.com|587|karim@alkarama-residence.com|00ff00vodka
roadfunk.com|587|admin@roadfunk.com|00ff00vodka
funnyanimalstuff.com|587|social@funnyanimalstuff.com|00ff00vodka
jmea.online|25|memberservices@jmea.online|Sankess*+.
featgaming.com|587|bsher@featgaming.com|00ff00vodka
industridesignsnyc.com|587|info@industridesignsnyc.com|00ff00vodka
ganhedinheirooline.com|587|contato@ganhedinheirooline.com|00ff00vodka
esteticaedepilaco.com.br|587|contato@esteticaedepilaco.com.br|00ff00vodka
salimosafaris.com|25|info@salimosafaris.com|Sankess*+.
integrasus.com.br|25|suporte@integrasus.com.br|Sankess*+.
50.87.145.7|587|hello@bmediagency.com|00ff00vodka
67.222.46.29|587|dstraiges@ahenycworld.com|Twia2yqS